ruleName,alarmCode,groupLevel,alarmCodeID,groupLevelID
taping,2406,DPLevel2,6cfed7b4-5e8e-4f56-b6b0-0ea9c690aa87,
taping,2407,DPLevel2,3e394f90-8a21-4ee7-829d-8bb0dcfcc9f9,
taping,2408,DPLevel2,bb581f24-fd41-4132-b60a-5a6ba22e89d2,
taping,2409,DPLevel2,2bf52ace-cd26-46e4-874c-e67e7e04e476,
taping,2410,DPLevel2,725763fa-1713-464b-9cb3-6d09a54b9168,
taping,2411,DPLevel2,c8550b36-da3a-4597-9a0b-29e15a1dbfaa,
taping,2419,DPLevel2,bca175fb-9477-4278-8402-41f717723b94,
taping,2450,DPLevel2,52451b42-07d8-4203-b20e-c6cc8b0359bd,
taping,2451,DPLevel2,9ff79c75-ba52-4e96-b5b8-6643c07e12b9,
taping,2452,DPLevel2,654dc1e0-73ec-4446-a6db-bd35538671d1,
taping,2453,DPLevel2,46b53091-d78a-4ee4-bf16-eef2ec8fe2df,
taping,2454,DPLevel2,830ece4f-fd8c-436d-b5a0-dd11ba23c08f,
taping,2455,DPLevel2,ca73de95-72fb-46b6-a5b1-f0fc3a0bb753,
taping,2456,DPLevel2,0d4fdb48-dc12-4fde-a427-ee437bb2c0d8,
taping,2457,DPLevel2,e8031092-4612-450f-9e6f-0fde2359d4d2,
taping,2458,DPLevel2,769f8b27-f9c0-4738-8a6d-3274cef7537e,
taping,2459,DPLevel2,d329cbdd-7a74-495f-8afe-00b80c13fb4a,
taping,2460,DPLevel2,f460e915-fdc6-45a4-bfa6-1ff8e6fad81f,
taping,2461,DPLevel2,b789db7c-e8ac-4ca0-a9f6-4d2f7b4306b0,
taping,2469,DPLevel2,f44a7c97-0437-4a0a-b1c8-f94d9b6d9ef3,
taping,2600,DPLevel2,f94399d9-27fb-4144-b232-28f4223815ce,
taping,2800,DPLevel2,0367a402-524f-44e8-b170-f0895e658266,
taping,2801,DPLevel2,e6302c5d-643c-4299-819d-1dec7813125a,
taping,2802,DPLevel2,955911c6-2e29-43e2-b036-8c368f20b9d4,
taping,2803,DPLevel2,c4977eab-c979-4403-bd4d-cbac9dc02c23,
taping,2804,DPLevel2,9632bd53-172d-4c47-ad0a-e8a7e3e2ff40,
taping,2805,DPLevel2,e84c2e06-b6ca-4a81-bd0f-d36460daf613,
taping,2809,DPLevel2,59083181-a350-44ed-b92f-b4a4020d33aa,
taping,2850,DPLevel2,f4677e4e-0f88-4ae8-aa19-ffe6917a98cc,
taping,2851,DPLevel2,abb390ab-5b8f-4825-804b-347b2448e77a,
taping,2852,DPLevel2,b7647d61-631f-4d24-82ce-079ffe0ae228,
taping,2853,DPLevel2,83fcfa6b-7bf2-4929-ba34-81368153f539,
taping,2854,DPLevel2,66847c5c-7db3-41ed-8f66-aa8d9f73e9a7,
taping,2855,DPLevel2,be5fc0d8-bfcf-490d-b0c5-621fcf17b1fc,
taping,2859,DPLevel2,d2fbda87-ec02-467f-b17a-a553e30b0fa6,
taping,2900,DPLevel2,cc13fef5-d613-4302-a7d7-0e3e5e54000b,
taping,2901,DPLevel2,688fb997-375b-4f74-a7ff-fe0d08c70166,
taping,2902,DPLevel2,30a43306-e1d2-420c-9a83-1c2b04055ced,
taping,2903,DPLevel2,9f433287-9c31-46e5-8b62-2b48f8d3146b,
taping,2904,DPLevel2,0e4d8e5e-f02e-4b9e-a3b2-6ee668f55ce8,
taping,2905,DPLevel2,e628698e-5c6e-4cc0-aebf-c7e90743eff0,
taping,2909,DPLevel2,46d02a19-1309-4f40-bb36-814d60a9ae71,
taping,2950,DPLevel2,a6766285-7c2a-4a33-a583-d83084d9c9e6,
taping,2951,DPLevel2,fb36bd7f-47bc-4f94-91f2-4d6085af4e7d,
taping,2952,DPLevel2,f166b999-a564-42d6-b3ac-7f63b96d322c,
taping,2953,DPLevel2,2cd28512-ea11-4a08-9092-b2d31147e047,
taping,2954,DPLevel2,646ce12a-e036-495c-b607-38a267d51c14,
taping,2955,DPLevel2,6a7fab11-a478-4a57-8ed1-c8124d49ff98,
taping,2959,DPLevel2,15f1900d-14aa-4851-a9e1-6736403ebc35,
taping,3100,DPLevel2,e379aa83-b317-448d-8fd8-0cbf6ceb8309,
taping,3101,DPLevel2,b67b2c01-aef9-41a5-8e11-35e211ddede5,
taping,3102,DPLevel2,9e64c7f2-347b-4037-9aac-6ca15f73fe86,
taping,3103,DPLevel2,31848f61-ff91-4ed1-8c28-8e316a0e3615,
taping,3104,DPLevel2,38dc539a-3542-46e8-92d6-79a12e1f89ea,
taping,3105,DPLevel2,90768d5c-211e-4472-976c-bc8d5aeb3670,
taping,3106,DPLevel2,5defc788-4e5e-47c9-b845-a375048ecccb,
taping,3107,DPLevel2,5d9b8ceb-7bea-4600-ae0e-ac8c7b2cf89b,
taping,3108,DPLevel2,4076a41a-261e-4df3-8cb0-ca28e4724bbe,
taping,3111,DPLevel2,ff4076f5-336e-47c0-bc39-8dc1232a7639,
taping,3112,DPLevel2,c18f8fcd-3bc0-458b-80ba-058f7602e2f6,
taping,3114,DPLevel2,e15f9779-0eeb-4a0f-b607-57fff4db8c1f,
taping,3115,DPLevel2,875a6853-5564-4fff-ab21-dd2c1a9c86b1,
taping,3116,DPLevel2,e8481884-5a35-4ba9-a64e-17ddbb086060,
taping,3117,DPLevel2,df4095f7-fecf-4e52-858b-dc3af1ae9868,
taping,3118,DPLevel2,394b6c5e-7cd2-49e2-9a25-88e6f0f2ea55,
taping,3119,DPLevel2,797f6813-2dc0-41a1-8b3b-28f24b46830d,
taping,3120,DPLevel2,4636585b-0fce-4c63-aa56-0c8f9b42c98d,
taping,3121,DPLevel2,902ed85f-74e7-4bc1-8444-4fc57c405660,
taping,3122,DPLevel2,ea7189fd-9474-4f2d-9124-0e9875da7d84,
taping,3123,DPLevel2,4b1b1540-aeed-415d-af18-2353bf742ce4,
taping,3124,DPLevel2,c1ab7d98-34ce-4e84-b778-fcdf7a3fba89,
taping,3125,DPLevel2,3612f38b-83c6-455f-808f-e4fb0e0515ae,
taping,3150,DPLevel2,89e0f5c8-c3ec-43ce-b93b-1e072c5e8f0a,
taping,3156,DPLevel2,b3740733-6ea3-4805-9e4c-67e2f037b18b,
taping,3157,DPLevel2,ce029edc-4526-4b29-b745-08c3362ca38f,
taping,3158,DPLevel2,026068b6-dc4e-4d31-895a-5e96b356ee85,
taping,3159,DPLevel2,614dcc42-510e-42f5-929e-c2c3e6c97a2f,
taping,3160,DPLevel2,c8b68674-d35a-481b-a567-47780da765fe,
taping,3161,DPLevel2,342bc80e-d646-448c-b0cf-9393659b5fc8,
taping,3162,DPLevel2,4224ceba-912b-4797-8cf5-824efc7d41f9,
taping,3163,DPLevel2,0474c769-e88c-4b40-be13-d4cd52d2009f,
taping,3164,DPLevel2,5117abf6-e6e7-46e4-9cf5-7a5005586cd5,
taping,3200,DPLevel2,b4fb94fd-ce09-4ad1-8e3d-bbece48039c4,
taping,3201,DPLevel2,c3296edb-cc66-49d2-9ad7-82615d623ff7,
taping,3202,DPLevel2,93d41af9-a704-42c4-aeff-5df81d430c54,
taping,3300,DPLevel2,3f2511b8-9677-4b10-a746-1fe3bee76ffa,
taping,3301,DPLevel2,6f97628b-7f4b-48d3-b476-37d2b7d7ca32,
taping,3302,DPLevel2,3e8f589a-0a70-4281-bf8a-7c2e50dbf3f2,
taping,3304,DPLevel2,335a26ef-d829-4f7b-b970-7e87fd8d2daa,
taping,3500,DPLevel2,db337cb8-0396-419e-a4c0-671a2045d96f,
taping,3501,DPLevel2,12e4b3ac-733c-4eff-9958-5fad97c7ee74,
taping,3502,DPLevel2,7d642f29-c5c1-45e9-a9b8-198030379c58,
taping,3503,DPLevel2,aa8fa09e-bf7d-4a92-bb38-f827e9be00c6,
taping,3504,DPLevel2,9dad12fd-f545-426c-b97d-3f24e55288d5,
taping,3505,DPLevel2,4a5d78d7-2b1e-416d-ab94-77093cd28fc1,
taping,3506,DPLevel2,7566fe1a-de9f-4e30-a8e6-608ad5fbeb01,
taping,3507,DPLevel2,4fadefa3-2cc5-40e3-b554-7531c4c778c7,
taping,3508,DPLevel2,4032e5cc-b587-496b-ad22-f2388688ba61,
taping,3509,DPLevel2,339c2b6b-2b53-4d8a-aa96-3db8d7573116,
taping,3510,DPLevel2,47b45d8b-0d27-4092-ad9e-4ecae2079bc4,
taping,3519,DPLevel2,ec7ed33a-a94e-4a73-a505-5208e4f26f73,
taping,4100,DPLevel2,4af56a0d-eb8e-4691-aad9-2668aedb49de,
taping,4102,DPLevel2,502a0ab4-c1a3-444b-884d-b838ac3513f0,
taping,4103,DPLevel2,f6500b0f-7836-4273-93fd-5c03b99c0895,
taping,4104,DPLevel2,021d4735-9726-40c7-8409-2e56d7f59c01,
taping,4105,DPLevel2,6baa25cf-4049-4b7e-b3d9-c8776c9eb8e2,
taping,4200,DPLevel2,41947306-449d-4718-bd51-af9bf77e7197,
taping,4201,DPLevel2,4823f224-26d2-43bd-8790-4e693a7dc940,
taping,4207,DPLevel2,7ff9ed86-94c0-479f-979f-c4d308527402,
taping,4208,DPLevel2,7d6f3415-f3b3-455a-8813-a1a0f722e565,
taping,4209,DPLevel2,e2e8c37f-38fa-4593-8dae-fb2bbefcc32a,
taping,4210,DPLevel2,35a348a1-30ab-4fc0-bb0b-947272f5dd35,
taping,4211,DPLevel2,7f7ce63d-0b0e-4ef9-b83f-ff657e6e6c1e,
taping,4212,DPLevel2,d5f6ecbd-861f-4801-8d7a-14ee721918b3,
taping,4213,DPLevel2,92842d4c-c658-47b3-8e6a-412cd3fd7475,
taping,4214,DPLevel2,0b0186ba-8fe4-4b1f-8100-481e6b12f62c,
taping,4215,DPLevel2,50dc21a4-7235-4cec-a933-334be2a2b7c0,
taping,4216,DPLevel2,5bbbd373-5c93-4d67-b113-71f4c97d65df,
taping,4218,DPLevel2,276e658a-c715-4c2d-b83a-d91f156b2148,
taping,4219,DPLevel2,a9b15ab5-aeaa-46a6-bff6-557d09310b74,
taping,4300,DPLevel2,afa51780-284a-447a-8152-d79dd942ae46,
taping,4301,DPLevel2,6134d7aa-52e8-4a03-9b2b-395c6de5a09a,
taping,5000,DPLevel2,90fb568b-be33-4e24-8302-efa43ae4d351,
taping,5001,DPLevel2,838a4a83-44e2-4e97-8ee9-3072c8340fdf,
taping,5005,DPLevel2,5b153729-312c-464d-b01c-6d428ef85e97,
taping,5006,DPLevel2,92301e33-e5b5-4743-a0d3-c9c0526563b7,
BG,1000000217,DPLevel2,5f6d8593-3ea9-4886-ab4b-2d53df47f8dc,
BG,1000000316,DPLevel2,c8754825-ba2d-4c2a-a341-166b055eb9ce,
BG,1000000317,DPLevel2,80865a8c-7201-415e-a8a5-cd03872882a7,
BG,1000000318,DPLevel2,21bf474f-fd36-4571-a2e3-58e53066142c,
BG,1000000319,DPLevel2,f61ac16e-bad4-46c1-afa7-2e2671a0bdf5,
BG,1000000327,DPLevel2,03731b76-b05c-448a-93a4-34b44bd36fc9,
BG,1000000362,DPLevel2,84376cac-3e31-46b8-9de2-03845bd2b602,
BG,1000000363,DPLevel2,861ab543-bf0f-4372-b1de-0fb5398c483b,
BG,1000000368,DPLevel2,3fbfd677-85c5-4288-b42d-ffa3acea01b6,
BG,1000000510,DPLevel2,ad17bd02-a9e7-420e-9577-4107ab46d1b1,
BG,1000000527,DPLevel2,5947768e-b3f2-4e4c-af35-60807c716bb1,
BG,1000000564,DPLevel2,f3f7da20-84ea-4adb-b7a7-7ccdcc0a416e,
BG,1000000565,DPLevel2,faec8f68-49fd-44d6-a071-8b760a6b74dc,
BG,1000000566,DPLevel2,44ac8ca0-063d-4848-b863-806deed00809,
BG,1000000568,DPLevel2,7fd87794-00bd-4156-bb3b-2ab88bb581aa,
BG,1000000613,DPLevel2,794e3e99-7b2c-42a8-8d1b-568129e7756d,
BG,1000000614,DPLevel2,07c85f2b-acc7-46e9-a0ab-44cb0881d038,
BG,1000000632,DPLevel2,071e0c80-c638-4872-a4e4-06a4f8608c78,
BG,1000000649,DPLevel2,cf0b7894-1bab-4135-b8db-9e792d527b87,
BG,1000000650,DPLevel2,b14cadba-d549-411d-9633-44c1b34825b1,
BG,1000000664,DPLevel2,7f6b2279-9168-4bb6-9bb7-77b10909d232,
BG,1000000667,DPLevel2,87b23b40-181d-4ff5-86d7-dc7f5d63df6d,
BG,1000002161,DPLevel2,9e3a64d7-0d3e-46da-a8b0-a628099f7fef,
BG,1000002163,DPLevel2,93aa16be-3cb3-4369-93fa-e17eeecf4b52,
BG,1000002210,DPLevel2,308dc9bd-7893-4348-8940-6b7f1ba95c00,
BG,1000002211,DPLevel1,82d6d560-e1f9-4b13-b2d4-6823a05f0092,
BG,1000002255,DPLevel2,12aa8b4a-1855-43be-bcf7-1898e742bf29,
BG,1780,DPLevel2,43c21a83-1eea-4e54-8ec8-376689aaea0b,
BG,4065,DPLevel2,c6ea9318-9f25-43eb-9277-80e2fe09f2ff,
BG,4327,DPLevel2,b6171937-a8a7-464b-9085-6bd52e378b7a,
BG,4701,DPLevel2,a16aa79a-3a0a-47ea-92fe-f6cf5a6bb805,
BG,4703,DPLevel2,a5a0c807-ef51-4063-b0f1-ec6a2d87ddf7,
BG,4704,DPLevel2,3a212300-d5d7-4ea4-9eda-6ebee3c70d91,
BG,4708,DPLevel2,2ec8d52e-ebe8-4560-8893-da9fa6e3bc96,
BG,4803,DPLevel2,f263d5bb-f586-473a-b53c-0b8f81ecbd4b,
BG,4804,DPLevel2,30d74fb3-1bc0-46b5-ab86-c71c0ab5a887,
BG,4805,DPLevel2,f9e97064-8792-4b60-8a79-ffb89f2594e2,
BG,4808,DPLevel2,3928d088-40e0-4fd7-906e-cb7a2cc5a0c4,
BG,4904,DPLevel2,0115f768-abae-4b79-8a53-3027a3587915,
BG,4910,DPLevel2,3eef0ad5-97a3-4b6e-82ca-9cde9afd0f8f,
BG,4943,DPLevel2,45df2eb8-d421-4eef-8450-bfada3857624,
BG,4944,DPLevel2,d2994d07-2ba8-4d09-a8b7-83de3660b2c2,
BG,5601,DPLevel2,e040ba64-f7ea-458d-a454-2468788a51d4,
BG,700,DPLevel2,52d7b596-0bd7-4503-92ac-77cd1e1e98ca,
BG,811,DPLevel2,f625af53-37ea-40c6-99dd-5c127bc46045,
BG,814,DPLevel2,4510d5b5-8a0a-49ff-a894-e422605eb50c,
BG,8293,DPLevel2,ccbc60a9-02fd-4dd0-b7e5-e2770bb684f2,
BG,841,DPLevel2,0ccc700d-932d-4b31-a925-51cdf89e61e5,
BG,8850,DPLevel2,03c48056-8961-44b0-b4e1-4ffa305437d3,
BG,922,DPLevel2,c8e1f47e-7bac-40ec-b7c9-32cd1405851a,
BG,924,DPLevel2,d7af4666-f5b5-4cca-a202-4c5214cb0d57,
BG,927,DPLevel2,82e71ff3-52ae-4ee2-8301-9a2bae374d38,
BG,933,DPLevel2,f41df732-344b-4471-b16b-aae43fd3efbf,
BG,936,DPLevel2,3f617bc5-d08f-4b84-a0c0-50a88ed607c7,
BG,976,DPLevel2,ade72698-d76a-4991-bd4d-e19f80e1867f,
Full Cut,11038,DPLevel2,7df5df5f-792d-4208-9afc-d6a949809510,
Full Cut,11039,DPLevel2,7212cff7-89b4-4fdf-9a68-31b909f80509,
Full Cut,11040,DPLevel2,2a3842b2-a350-4662-87e8-c5016356439f,
Full Cut,11041,DPLevel2,e6a61b39-f5e1-4f5e-b270-06aa728f046c,
Full Cut,11042,DPLevel2,ea783971-46cb-4c66-9587-50357db7ddb0,
Full Cut,11043,DPLevel2,2bb6e0f9-3bc2-46d0-9371-72300e875c39,
Full Cut,11044,DPLevel2,85631855-1fff-4ed6-b731-2ec90a95b4ff,
Full Cut,11045,DPLevel2,fae7ad3f-09c1-4c87-862d-235ec0b8308e,
Full Cut,11046,DPLevel2,62801137-4fcd-4900-8b64-df89a0899da4,
Full Cut,11047,DPLevel2,385ef8ad-497c-4df6-8d94-76b3ab2e31f8,
Full Cut,11048,DPLevel2,b7d1d528-800d-4f3e-891f-fc3edfc06cb9,
Full Cut,11049,DPLevel2,afb6c84a-223e-43ae-bcd2-548fb84535af,
Full Cut,1254,DPLevel2,a50ad791-18c3-4b82-9ea3-7d9b041b5a41,
Full Cut,1531,DPLevel2,edfa6ff2-858d-43b1-bd51-0935627c4dfc,
Full Cut,1532,DPLevel2,b7cfb9e2-7b7d-40db-bfcc-202c1f9f4f2d,
Full Cut,1534,DPLevel2,c1a69ef3-41a5-452f-a1c3-c2c1be2c21cd,
Full Cut,2023,DPLevel2,9555ae11-837d-4ab8-879b-18b3b6472e03,
Full Cut,22503,DPLevel2,06684b3c-8819-4255-9947-0757ca125fb1,
Full Cut,22512,DPLevel2,99a25839-244d-4c30-a01a-78e199cc9ed2,
Full Cut,22513,DPLevel2,9be56440-4546-467d-a94c-e29b32f510f3,
Full Cut,23014,DPLevel2,7726e5e3-6c2d-4008-a649-81eea481a219,
Full Cut,23015,DPLevel2,2786022f-bf2c-4796-8fa9-ca0d95a89315,
Full Cut,23016,DPLevel2,9718b2fc-8022-423f-aeff-7ff5d3cad3cb,
Full Cut,23017,DPLevel2,df9b65de-098e-4fe5-88c3-26b3fc764e51,
Full Cut,23018,DPLevel2,9a8d1a57-d19c-4411-9889-383df4268f48,
Full Cut,23019,DPLevel2,d3677c8e-1f37-4383-89e2-0a5604fac774,
Full Cut,23020,DPLevel2,17947b20-80ec-47a3-87df-152629a3bcd8,
Full Cut,23021,DPLevel2,4cc5a5a0-7dbc-4a9a-8cf0-232808faf4b8,
Full Cut,23022,DPLevel2,76b2ed5e-8fd7-4d13-9cb3-04521588be32,
Full Cut,23023,DPLevel2,641dbf1a-d6d0-402c-825e-cde4f87007a8,
Full Cut,23024,DPLevel2,ac668934-64fb-4aaa-a114-f32aa7f417ee,
Full Cut,23025,DPLevel2,33a94a5d-ff63-444e-91af-6a5c60b9811f,
Full Cut,23040,DPLevel2,783766b9-1426-44ff-9a84-516cf7528fb4,
Full Cut,23041,DPLevel2,054dcd75-e8ad-4075-8772-5cbb371d3999,
Full Cut,23043,DPLevel2,5bcf2577-52ad-4912-a687-d67360942f17,
Full Cut,23044,DPLevel2,31bbdfb1-9179-43a2-a673-a261255f40ab,
Full Cut,23046,DPLevel2,b0bc7f07-126f-4736-af11-0060c8c086be,
Full Cut,23047,DPLevel2,5358436a-8992-437e-8df8-cf62e980ec36,
Full Cut,23053,DPLevel2,94cda2f8-7b9d-4564-89ba-10b1de50e485,
Full Cut,23054,DPLevel2,fa99bbeb-2f5a-4065-acd4-55a56539efaa,
Full Cut,23061,DPLevel2,e9e17e81-48ea-4801-87b6-136c84e6d7e1,
Full Cut,23062,DPLevel2,fa029973-5315-4d74-a6ea-0c0cee8e0e26,
Full Cut,23149,DPLevel2,1d58482d-ecc3-408f-9903-be9442cd78d9,
Full Cut,23150,DPLevel2,aba60ce0-f15f-4128-a9fa-14c13f6b56c1,
Full Cut,23151,DPLevel2,3200f3e9-2ec8-4943-90e3-cd61f975dd39,
Full Cut,23152,DPLevel2,4dbdf813-59aa-4115-8da3-d9503abb08f3,
Full Cut,23153,DPLevel2,1fb8a9f9-5565-4ca9-9dbe-e095de4868a2,
Full Cut,23154,DPLevel2,5b108870-58c9-4881-972b-66f4e4022af0,
Full Cut,23155,DPLevel2,fc4284cf-08c2-4fac-bb3e-9f5a9ef7650c,
Full Cut,23156,DPLevel2,a3e4724d-64c9-46b5-a2c6-db02a328aa89,
Full Cut,23157,DPLevel2,0bef08b2-1724-4e01-b21b-4d96448bb2e3,
Full Cut,23158,DPLevel2,3fc70efd-1069-4b83-b494-f3a089d531c4,
Full Cut,24050,DPLevel2,9dbb8e6d-74eb-4d19-89b5-4591a8b7abcf,
Full Cut,24051,DPLevel2,5ff17716-3ca5-4f2b-846b-b809b571e8ef,
Full Cut,24052,DPLevel2,34218015-f7d3-4f39-bb91-43813e4d2fae,
Full Cut,24053,DPLevel2,f2b43309-0090-4012-bef8-420ef16f53ef,
Full Cut,24054,DPLevel2,289be2bb-a8a6-41bf-be7e-be0cf8945033,
Full Cut,24060,DPLevel2,eef51d3a-b2b0-484b-8ebc-1ebd89acf395,
Full Cut,24061,DPLevel2,db08e97b-92c7-4253-9534-f6defd89c287,
Full Cut,24062,DPLevel2,5dd682cd-3a71-4077-8146-20a5632bf1c0,
Full Cut,24063,DPLevel2,0e444c79-29a5-440a-85b7-c1ea299bc8d4,
Full Cut,24064,DPLevel2,4a6d5f96-70ea-419e-a7e9-09711eb740b1,
Full Cut,24070,DPLevel2,16385079-b6c4-4f82-91b0-696f0670084e,
Full Cut,24071,DPLevel2,00da3eaa-e15a-40b5-a675-31d57a787fad,
Full Cut,24072,DPLevel2,87ef657d-e6fc-4133-82e5-d8265659d4fb,
Full Cut,24073,DPLevel2,9f1005d8-44cd-47f4-aa66-c96e637d5af8,
Full Cut,24074,DPLevel2,a53e7cab-f8de-455f-8131-f6832e88d79e,
Full Cut,24077,DPLevel2,0c76a369-b0cd-409a-928a-3f36948998e7,
Full Cut,24080,DPLevel2,46305f33-eb85-484c-98aa-a0faf45c73dd,
Full Cut,24081,DPLevel2,c8a953e9-7c17-4abf-9f33-b8f4e6dad9d2,
Full Cut,24082,DPLevel2,bb077630-587e-47cd-a005-11aa19bbf175,
Full Cut,24083,DPLevel2,32f11dca-b4c1-4323-859f-7a2bbca51a5c,
Full Cut,24084,DPLevel2,1611df83-c3ec-4b0a-b4e0-342e2afa8a14,
Full Cut,24100,DPLevel2,e8b7ab3c-3b8e-4047-8858-9e2202a299b1,
Full Cut,24120,DPLevel2,7c4871d6-441b-44ac-8a5f-743f69e5b45e,
Full Cut,24121,DPLevel2,a4c96a7c-1b54-4e47-b364-6d0274970018,
Full Cut,24122,DPLevel2,2c0b745e-75c6-4259-bc86-8ac7766c7f3d,
Full Cut,24123,DPLevel2,47e878d9-3df7-4ceb-bf6a-a8e9d27c04e2,
Full Cut,24124,DPLevel2,e46b4a59-71a3-43dc-8ad7-b31fac0ca8d5,
Full Cut,24160,DPLevel2,6c028243-64e9-4d3b-8f6e-d7c25d66d380,
Full Cut,2500,DPLevel2,f19abe4e-4677-4f81-bc63-9093df5eb753,
Full Cut,2501,DPLevel2,1a8423e8-6184-4a26-95f1-57f884dd4399,
Full Cut,25092,DPLevel2,a7e18d17-4bf1-4f58-b6b4-e788e311472a,
Full Cut,25093,DPLevel2,4eec098f-fb9d-41ec-86bd-f79d9a4c32d8,
Full Cut,25094,DPLevel2,ad77d2a2-f0c6-4906-889c-cb2d511e3fe9,
Full Cut,2562,DPLevel1,2a286b73-f137-4fa7-9b37-7614debed8a6,
Full Cut,2563,DPLevel1,709ecfa2-1b9b-4543-9803-2bcd3364d098,
Full Cut,2564,DPLevel1,e6c2945c-793c-4a96-9ed4-8fb3407fde28,
Full Cut,2565,DPLevel1,c3523114-068e-4c3e-a0eb-060ed9bcc223,
Full Cut,2582,DPLevel2,a06d7d88-32dc-49b5-b6e1-fa1752c6560d,
Full Cut,2583,DPLevel2,c8e6c923-618a-480c-876c-b6b64d678a3a,
Full Cut,2584,DPLevel2,153bc790-dced-4d07-b6f0-ebd10072be96,
Full Cut,2585,DPLevel2,03aaba5f-f3ee-4cce-a59c-cab2508dbb72,
Full Cut,2586,DPLevel2,637fce6e-78bf-4592-ab1b-387add40836f,
Full Cut,2587,DPLevel2,bddc50ad-430d-41d0-af72-06a373b5a761,
Full Cut,2588,DPLevel2,9886ccc1-e858-4d26-96da-5bf70cb84058,
Full Cut,2589,DPLevel2,e6671440-4598-418e-b920-d23ff8e97c48,
Full Cut,2590,DPLevel2,0c22f551-ee0c-49c5-b5af-56cc9109e1e9,
Full Cut,2591,DPLevel2,8875b210-0a6b-42e9-8a74-bbcb64723bb4,
Full Cut,2592,DPLevel2,ef6e42a8-2991-4460-a377-8fa675f20699,
Full Cut,2593,DPLevel2,3742094f-573f-4713-83a7-6964d1d30b0b,
Full Cut,2594,DPLevel2,56a95453-221e-4764-aafc-9b827afc8a37,
Full Cut,2595,DPLevel2,0321f31f-4894-4753-ac28-f058169b002c,
Full Cut,2660,DPLevel2,e672dd4e-6158-4055-99be-812b774c66df,
Full Cut,2661,DPLevel2,67152645-92e2-4241-bec4-988aaed1311b,
Full Cut,2662,DPLevel2,3706a689-9f9c-429c-b967-39df3d0405ba,
Full Cut,2663,DPLevel2,4f69fd01-cd11-4b2b-9d3a-a57fc05c2dc6,
Full Cut,5554,DPLevel2,0ed2626e-a3c2-469f-866a-ed3f1fe9bc59,
Full Cut,5555,DPLevel2,fdf0023c-cb30-4f80-901c-632e4e963602,
Full Cut,5556,DPLevel2,cfad826b-c683-49e5-8750-a412eaddb3d5,
Full Cut,5557,DPLevel2,22c88d54-114c-4ff6-a3e2-5df1905248a0,
Full Cut,5558,DPLevel2,c810d9e9-590f-48f6-8f02-d59ea7350bec,
Full Cut,5559,DPLevel2,ac7cf481-0f87-4ee4-b67f-9685a9e945f5,
Full Cut,5560,DPLevel2,63dabbf0-d1b7-43ca-9279-110daaa528a5,
Full Cut,5561,DPLevel2,76615239-f69c-412b-9d4f-322b1fbecfa3,
Full Cut,5705,DPLevel2,b3ca177b-8c51-44bf-824a-2b877b3b78a0,
Full Cut,5706,DPLevel2,a2c3c050-62f2-4ee2-bd07-37659d4d020b,
Full Cut,5707,DPLevel2,aac15610-05b2-483c-8fc4-b43e40ba2ad9,
Full Cut,5708,DPLevel2,6c779b48-822e-439c-8bfd-ef6af3c4eaa8,
Full Cut,5709,DPLevel2,738f914b-fd50-4342-9035-d36478c6a915,
Full Cut,5710,DPLevel2,7d5f6ee0-c8d9-465e-8a12-d4ea219bfc5c,
Full Cut,5711,DPLevel2,08dcc9d5-b9bd-40a3-ad8c-0eb2e366f746,
Full Cut,5712,DPLevel2,6915886d-a8d6-428e-82e6-c8fa726ca692,
Full Cut,5713,DPLevel2,39dd310d-5629-452d-99a1-8bc5b4dfb4af,
Full Cut,5714,DPLevel2,7aa64dbb-f762-41aa-8bcb-9c71646979ea,
Full Cut,5715,DPLevel2,d6a16bd1-f7ad-49f8-beb7-cb60e685a610,
Full Cut,5716,DPLevel2,6c577bde-67fd-4ce2-b4f4-4aa00a5d3a94,
Full Cut,6274,DPLevel2,fc6a39cb-8d77-4329-a042-6d2b70f65431,
Half Cut Rev 1,2562,DPLevel1,6734bcd6-7a20-4e25-8e58-8d2aff3ec010,
Half Cut Rev 1,2563,DPLevel1,23cb9ba5-c2cc-4daf-a2a5-f1490117aceb,
Half Cut Rev 1,2564,DPLevel1,bf8b59e3-a702-42d6-8600-a2e7beabdd8d,
Half Cut Rev 1,2565,DPLevel1,1b5c86ac-a6fb-4abb-b169-a5adab6c70c4,
Half Cut Rev 1,1055,DPLevel2,14d99cdf-37a5-44b2-abb9-0d5d24b65165,
Half Cut Rev 1,11038,DPLevel2,a2c616b9-efb5-455e-9e0d-5d1167760a31,
Half Cut Rev 1,11039,DPLevel2,14a3d58c-dd05-4d3f-880d-530d2ed2eb00,
Half Cut Rev 1,11040,DPLevel2,73f2ca98-d031-4acd-8304-6f3d3d25b7fb,
Half Cut Rev 1,11041,DPLevel2,4d078121-56a7-466e-a5a3-5e9082d4d17a,
Half Cut Rev 1,11042,DPLevel2,9d72d9a4-f8de-43bf-8352-68e94bc61389,
Half Cut Rev 1,11043,DPLevel2,76d92585-869b-4e97-8beb-66b8c494ff12,
Half Cut Rev 1,11044,DPLevel2,fb91b5fe-c92f-40a6-900b-b50eebd015c9,
Half Cut Rev 1,11045,DPLevel2,30cb0ddf-97a9-4bf0-a3bd-7a5be50575c1,
Half Cut Rev 1,11046,DPLevel2,c2bcc5b8-b592-4651-bd85-6da5ae774494,
Half Cut Rev 1,11047,DPLevel2,d6e4577a-54e8-4b6b-971f-34198caa2a21,
Half Cut Rev 1,11048,DPLevel2,d6fcbefd-74e8-4328-82ec-f8969b2893ec,
Half Cut Rev 1,11049,DPLevel2,0f432a7c-562e-4f6d-ac8a-3c5a22392980,
Half Cut Rev 1,12129,DPLevel2,d4b114bd-fb97-4daf-ac90-a2725a30b30c,
Half Cut Rev 1,1531,DPLevel2,1d621767-30b3-4239-8fb6-9bfd5051383c,
Half Cut Rev 1,1532,DPLevel2,5986860b-2503-4a4f-9d91-e7c0f5e9357a,
Half Cut Rev 1,1534,DPLevel2,ad84a724-9e49-473f-85a2-d24020fa7df5,
Half Cut Rev 1,16070,DPLevel2,dc8c2187-50fe-4397-b810-2548dca2b8cd,
Half Cut Rev 1,2023,DPLevel2,76322ecf-b79a-4a93-b9ad-3a8ae7e4bfad,
Half Cut Rev 1,22503,DPLevel2,a1d8a054-3a4e-421e-8ace-47a455f6d26e,
Half Cut Rev 1,22512,DPLevel2,826448bf-d735-4471-857e-01b40293b99a,
Half Cut Rev 1,22513,DPLevel2,a1e52a99-06b8-4a3a-9a14-06086069cc81,
Half Cut Rev 1,23014,DPLevel2,5c804895-662e-43bb-9857-25eda6c76560,
Half Cut Rev 1,23015,DPLevel2,66f75f18-53b6-4cb5-8712-6dbc76b8bd23,
Half Cut Rev 1,23016,DPLevel2,246336cb-4b11-4ff9-b677-29c6506a27f1,
Half Cut Rev 1,23017,DPLevel2,19f1070d-182d-4eec-ae68-a42e9a188bba,
Half Cut Rev 1,23018,DPLevel2,7ef73a4a-92ea-4a0d-9898-d331a97423ff,
Half Cut Rev 1,23019,DPLevel2,e1f24d39-d355-4b0e-808c-95d39b6a6ae6,
Half Cut Rev 1,23020,DPLevel2,a027f55e-d20c-42dc-a3f8-b0be8166e7bb,
Half Cut Rev 1,23021,DPLevel2,e8f7b5f7-b663-4a6c-bdc6-683e3507b967,
Half Cut Rev 1,23022,DPLevel2,192138ea-b4bc-4b77-97e6-645725f06100,
Half Cut Rev 1,23023,DPLevel2,b05219a2-6f01-440b-91a8-6d3eb633952c,
Half Cut Rev 1,23024,DPLevel2,bfb724dc-a7c8-47f1-bae0-69020938df39,
Half Cut Rev 1,23025,DPLevel2,052ffdd1-f0ee-4b1a-94f6-50e3a9fae090,
Half Cut Rev 1,23040,DPLevel2,f8175e01-bc61-460a-94c7-700b1325a92a,
Half Cut Rev 1,23041,DPLevel2,3449a37b-2540-41a5-a19e-586e9a7b6069,
Half Cut Rev 1,23043,DPLevel2,88b519bd-0308-40d7-9129-1038c7c1fba4,
Half Cut Rev 1,23044,DPLevel2,36d8b376-a17e-4937-8fbd-ba1e2cda1641,
Half Cut Rev 1,23046,DPLevel2,d6bd07ee-4550-4ddc-82e7-dc3f894fc98c,
Half Cut Rev 1,23047,DPLevel2,92492285-e241-47ab-b3c3-8421d37f7707,
Half Cut Rev 1,23053,DPLevel2,29c73c7a-59ef-40b4-a2f7-89bd5bad2cf9,
Half Cut Rev 1,23054,DPLevel2,cf85bf4c-b471-40d2-b490-15390ed9cbea,
Half Cut Rev 1,23061,DPLevel2,7cd6fc66-b543-466c-bcbe-3bb810fb97d9,
Half Cut Rev 1,23062,DPLevel2,e2b48bbf-60b0-4fa1-b218-2920de715a86,
Half Cut Rev 1,23149,DPLevel2,cb5f2aa8-8886-4dc0-8c60-f3a816e896f9,
Half Cut Rev 1,23150,DPLevel2,4c524043-ac04-4f49-b26f-31dc4e380340,
Half Cut Rev 1,23151,DPLevel2,01dfa5f4-7b78-40b7-a3ef-e410b9372a49,
Half Cut Rev 1,23152,DPLevel2,97cf891e-5aa2-4a54-a0d7-4539c92726cf,
Half Cut Rev 1,23153,DPLevel2,664ed80e-da9a-4367-ae64-03a9444c54b5,
Half Cut Rev 1,23154,DPLevel2,e8d65d12-f9e7-4c27-81ac-84283439265e,
Half Cut Rev 1,23155,DPLevel2,cb58d175-9f14-451f-97e7-eab51baef76d,
Half Cut Rev 1,23156,DPLevel2,3b53bce8-1ae0-4933-9928-353f71f4be4d,
Half Cut Rev 1,23157,DPLevel2,7ff0481f-d255-402f-be13-1214aad643c4,
Half Cut Rev 1,23158,DPLevel2,58b86cd7-b07c-4e4c-84b9-e99e52f1fdab,
Half Cut Rev 1,23240,DPLevel2,d590f08b-4a2a-455e-90cc-71e46d64842f,
Half Cut Rev 1,23241,DPLevel2,65a75d33-8541-4dd3-970b-704f5f915998,
Half Cut Rev 1,24050,DPLevel2,0c0ba484-720b-4981-989e-694058d92a5b,
Half Cut Rev 1,24051,DPLevel2,2fa046fc-d47d-49b6-999d-bc5f85f16dbd,
Half Cut Rev 1,24052,DPLevel2,e60df077-a1fd-40b2-b854-b1bfac39f9cc,
Half Cut Rev 1,24053,DPLevel2,492a1f91-08cb-46d6-b0b2-5d9b7363d66c,
Half Cut Rev 1,24054,DPLevel2,9f4794aa-7528-4b41-9aec-98b7c0c85b60,
Half Cut Rev 1,24060,DPLevel2,3d286439-6f01-49a0-8c7c-2311f93c57de,
Half Cut Rev 1,24061,DPLevel2,97fddf66-2fe1-4003-8284-208ece73e91e,
Half Cut Rev 1,24062,DPLevel2,cef60be8-70e0-4033-ae9e-74ca4347ff8b,
Half Cut Rev 1,24063,DPLevel2,f6c0ac6e-b500-44b8-a00d-33a7c96a85f4,
Half Cut Rev 1,24064,DPLevel2,80dfc74d-24e3-4b32-9e3a-4cef4dd2fd69,
Half Cut Rev 1,24070,DPLevel2,5abe9250-a992-4fd8-b2b5-dc454f30327c,
Half Cut Rev 1,24071,DPLevel2,62911ee2-5620-4493-ad3b-9ccfc5fdcff6,
Half Cut Rev 1,24072,DPLevel2,fc59b369-bce6-431c-b47c-2763c5a6d1fb,
Half Cut Rev 1,24073,DPLevel2,36c2c00d-c1dd-4114-afe6-e8a0126088e8,
Half Cut Rev 1,24074,DPLevel2,12081cbf-47e8-4c9d-bb66-2ddb48803cd6,
Half Cut Rev 1,24077,DPLevel2,6c7a18fa-d2a0-48d4-8caf-9ea11927c66a,
Half Cut Rev 1,24080,DPLevel2,ace42cd8-bfe9-40b8-9a9e-15c65e3a8d72,
Half Cut Rev 1,24081,DPLevel2,14a5096c-5577-41e5-bedb-ce336ab0f690,
Half Cut Rev 1,24082,DPLevel2,0de2ffaa-e4a4-4b12-b874-e5f62d09b8e2,
Half Cut Rev 1,24083,DPLevel2,c801d475-bdfe-43de-91fe-c893b8b4a0b0,
Half Cut Rev 1,24084,DPLevel2,909b0c28-0dbb-4b14-9958-69871bdd4c64,
Half Cut Rev 1,24100,DPLevel2,d7fee579-fdd3-4732-be94-c64a6a0b6860,
Half Cut Rev 1,24120,DPLevel2,53d7ff2e-36ad-4636-abda-30fcd94ae9d1,
Half Cut Rev 1,24121,DPLevel2,e2e25467-355d-42ff-a8c6-77b0af5d5163,
Half Cut Rev 1,24122,DPLevel2,ee475015-6886-47e8-840b-cde860419ca4,
Half Cut Rev 1,24123,DPLevel2,38673aa0-8792-4e7a-848c-951da9eb22f8,
Half Cut Rev 1,24124,DPLevel2,562b402f-139f-4745-a7e5-ef0bb903ab4e,
Half Cut Rev 1,24160,DPLevel2,1ad97ed3-447f-4649-b758-62da327387cc,
Half Cut Rev 1,2500,DPLevel2,7a5c33e3-30af-4703-8cfb-ae581278ea75,
Half Cut Rev 1,2501,DPLevel2,17b87f20-da3c-405a-b58f-f922ab20b89e,
Half Cut Rev 1,25092,DPLevel2,68796f0e-b0c6-4dd2-b17f-6b3b7dfe232d,
Half Cut Rev 1,25093,DPLevel2,74e1a284-d3ec-4831-b093-35ca42ad242f,
Half Cut Rev 1,25094,DPLevel2,1633f128-cfa0-4d91-95d3-1796f1519742,
Half Cut Rev 1,2582,DPLevel2,c695066a-b47e-4344-9fcc-a6586d8f52d9,
Half Cut Rev 1,2583,DPLevel2,3833b61f-5b30-4c6e-8082-51cce0c26028,
Half Cut Rev 1,2584,DPLevel2,e4f856ae-8be8-47b9-abad-16500fa3f079,
Half Cut Rev 1,2585,DPLevel2,3c3d66c0-814a-4e30-a711-3ce372aa8262,
Half Cut Rev 1,2586,DPLevel2,34359ae2-7eba-40c6-b81a-a0243722118f,
Half Cut Rev 1,2587,DPLevel2,cccb339c-8750-467b-b64d-8b1db977b831,
Half Cut Rev 1,2588,DPLevel2,b2062aec-5897-4b1a-9707-e0d898a5ecb9,
Half Cut Rev 1,2589,DPLevel2,8b874556-795f-47c5-b1c6-4edd75122168,
Half Cut Rev 1,2590,DPLevel2,34d32f55-f383-49c3-a8a3-c9629896b03e,
Half Cut Rev 1,2591,DPLevel2,44137793-ab4f-4ee5-8fb0-384f745d997d,
Half Cut Rev 1,2592,DPLevel2,01897201-b236-45a9-9879-8f2252ed55c9,
Half Cut Rev 1,2593,DPLevel2,80e5fca2-dbc0-4b40-be8d-1277f08008a9,
Half Cut Rev 1,2594,DPLevel2,e63df86c-938e-41af-bbc3-23802bfc129a,
Half Cut Rev 1,2595,DPLevel2,68e55189-b0b2-47ad-9c02-d84acb521d35,
Half Cut Rev 1,2660,DPLevel2,e3865e02-e83b-4fcb-be0f-02751a041c81,
Half Cut Rev 1,2661,DPLevel2,911e00f1-c97e-4091-8dc3-2b85c37c3490,
Half Cut Rev 1,2662,DPLevel2,5ef74d8c-c07b-41af-90ec-ac531d25bb7f,
Half Cut Rev 1,2663,DPLevel2,3b3e6390-cf35-4e1d-b6cb-1824f3897a2b,
Half Cut Rev 1,5554,DPLevel2,9afc2464-51ef-4c07-81a0-bc9226a0b91c,
Half Cut Rev 1,5555,DPLevel2,d3e8ae23-afa4-48b5-8784-2f3de24a2c72,
Half Cut Rev 1,5556,DPLevel2,bc094fbb-c613-4486-8114-cff7de548d23,
Half Cut Rev 1,5557,DPLevel2,f57c2304-df3a-4655-834e-b1793132d1ca,
Half Cut Rev 1,5558,DPLevel2,b42f3416-5068-4883-930b-028ce6267127,
Half Cut Rev 1,5559,DPLevel2,ea2c7c80-5ed1-44b0-8135-5ec87ae448dc,
Half Cut Rev 1,5560,DPLevel2,4a5273cc-640e-4259-9e06-de7179d9226e,
Half Cut Rev 1,5561,DPLevel2,3b7c95ab-1887-4b62-84ac-cfb03dd42161,
Half Cut Rev 1,5705,DPLevel2,7a47b9c7-e0cb-4ace-bf9a-7ba465fddf0d,
Half Cut Rev 1,5706,DPLevel2,9f174d23-56af-4485-8d97-ecbfe2ef8a0c,
Half Cut Rev 1,5707,DPLevel2,08a04ef3-09b7-463f-8b1d-b80acad28243,
Half Cut Rev 1,5708,DPLevel2,c6b784f0-0646-42ca-a211-d5ec3afcb3cb,
Half Cut Rev 1,5709,DPLevel2,a5321f30-ad8a-49ea-bc52-044c943cee7d,
Half Cut Rev 1,5710,DPLevel2,6e5cf6a6-f65d-408b-8634-6742d5961204,
Half Cut Rev 1,5711,DPLevel2,d9285e10-c86c-4b3e-bfd3-91722a77b378,
Half Cut Rev 1,5712,DPLevel2,a0157dc6-072d-42c1-a5a6-978ddae6cfd1,
Half Cut Rev 1,5713,DPLevel2,684f5d06-aa57-4fa4-909d-8d786a55e9f2,
Half Cut Rev 1,5714,DPLevel2,cbb66438-f7ea-420a-8a36-f2bac9fe756c,
Half Cut Rev 1,5715,DPLevel2,5c988178-b07c-4027-8ff2-7cb89ac6ac64,
Half Cut Rev 1,5716,DPLevel2,d9467a4c-8a26-40d7-a7ef-e5b2ed4550b6,
Half Cut Rev 1,6274,DPLevel2,63f5fb6e-4761-4be0-ad89-730b4b2d34c4,
DFL,1531,DPLevel2,d2baff0b-b65d-40a8-9f9e-19c8a0a087da,
DFL,2065,DPLevel2,9ad55a7b-0946-4578-b881-354450acaa75,
DFL,2486,DPLevel2,12e6ecfc-e5c9-4306-8f9d-fff092e5161c,
DFL,5024,DPLevel2,9f975070-6bb9-4cee-bb46-b0cf9202a2c6,
DFL,5036,DPLevel2,3ee571ec-7694-4a4c-983d-34728c48c448,
DFL,6030,DPLevel1,1da0a3f8-51bc-45f3-852b-14ccb7de8999,
DFL,6250,DPLevel1,4c9311b2-d2ff-4352-80df-19fc48f36f18,
DFL,11038,DPLevel2,ef6c1b56-3032-4f32-9e8a-9749cf677c56,
DFL,11039,DPLevel2,3b0356d6-29aa-44f1-b470-ab7e176c4de3,
DFL,11040,DPLevel2,62afa8b3-9b8a-48dc-96a0-4093aff563df,
DFL,11041,DPLevel2,d8111040-c8f5-4be0-ad9c-87649f211b57,
DFL,11042,DPLevel2,b401a756-7bc2-40c2-b0d6-c7c1a91ae4e8,
DFL,11043,DPLevel2,6966f8cc-edc5-4252-8e65-d59b248846f2,
DFL,11044,DPLevel2,ca12f979-a01d-45cc-beda-0325b82c172b,
DFL,11045,DPLevel2,6f984ba4-8396-4ada-8fb0-289d162269d1,
DFL,11046,DPLevel2,7d72fbcf-9fa4-4d0a-8a19-99e451a18d01,
DFL,11047,DPLevel2,df94639d-4270-4ba5-b59d-a9e7d0610f45,
DFL,11048,DPLevel2,1dec87dc-1290-417b-8dcb-a7d39a7731d1,
DFL,11049,DPLevel2,e07f7554-07d4-4822-a53b-3fae411e0e4f,
DFL,22503,DPLevel1,677dc8a9-25a7-420a-a705-539aa4363fe7,
DLS_DAF LASER,1531,DPLevel2,8df3451b-761d-430c-bb55-8339d220315d,
DLS_DAF LASER,2065,DPLevel2,c416a72b-e487-4f72-b62d-347b63791453,
DLS_DAF LASER,2486,DPLevel2,ef8cc011-b3b8-4c6e-be10-6a3a165f996f,
DLS_DAF LASER,5024,DPLevel2,64269c45-f757-4bd6-802b-e95e51dcb947,
DLS_DAF LASER,5036,DPLevel2,f6208cc6-70e4-490e-9407-09fb12cb64ae,
DLS_DAF LASER,6030,DPLevel1,128bf1ec-5a8e-4e65-9fdc-eb32dba6b280,
DLS_DAF LASER,6250,DPLevel1,f9632de1-87f1-4fba-ab18-06fd0d285169,
DLS_DAF LASER,11038,DPLevel2,ae9d2186-2745-4f6d-bce4-0f85e4349925,
DLS_DAF LASER,11039,DPLevel2,340873d4-f5f7-437b-ae7a-4f0a836a2442,
DLS_DAF LASER,11040,DPLevel2,5227ca88-d2b9-480f-99c6-17d9ac9e8a6a,
DLS_DAF LASER,11041,DPLevel2,d1c0a44c-6cac-4f7a-9925-f6fb305673b9,
DLS_DAF LASER,11042,DPLevel2,490e4453-f358-487a-8f66-c7cc2060f44a,
DLS_DAF LASER,11043,DPLevel2,3f26b2e5-ff4c-4bf3-8200-9129f569b538,
DLS_DAF LASER,11044,DPLevel2,2526d81b-e188-4898-95d2-98274bfd7955,
DLS_DAF LASER,11045,DPLevel2,6431c8ef-70ff-48e1-ac5e-5c6a005fc475,
DLS_DAF LASER,11046,DPLevel2,68c81253-3154-4d07-adaf-54d57a9ed586,
DLS_DAF LASER,11047,DPLevel2,87e0390a-45f7-4452-8586-71f5f22805f7,
DLS_DAF LASER,11048,DPLevel2,c058e0f8-4cbc-4091-a440-f2d5c55adca8,
DLS_DAF LASER,11049,DPLevel2,9379a71b-cf58-47a0-affe-02bf7dbc4813,
DLS_DAF LASER,15524,DPLevel2,35421cb0-58e8-440a-a95a-3a0868f0f8c0,
DLS_DAF LASER,22503,DPLevel1,9c510fc2-b8d5-4205-993e-1cc57ee65139,
DDS,502,DPLevel2,bffe0648-96ef-4c64-97d9-620caee45219,
DDS,503,DPLevel1,a6650a67-b3f3-4a87-b787-6b80f102c4e7,
DDS,518,DPLevel1,ea1b2bf4-b583-49a3-9ea7-6f6364da30e2,
DDS,1131,DPLevel1,2c759ee2-e1a2-40d0-b2ed-090de99ccf41,
DDS,1199,DPLevel2,9f1f8e41-65ab-4c9d-a92c-044bbc5f0594,
DDS,7018,DPLevel2,e93c453f-bd28-41c7-bcce-bb05487c30d0,
DDS,7019,DPLevel2,1e35f374-3bb6-4eb2-ab99-02f4c1a77bc6,
DDS,7027,DPLevel1,32e96788-70f0-46e8-94f7-2c4ba610c37c,
DDS,7032,DPLevel2,eadcc588-3060-4584-b610-49909a601846,
DDS,7048,DPLevel2,a26bb7da-6d88-4e14-9b8b-5d717f014370,
DDS,7062,DPLevel2,b9293239-875e-4571-8433-7da92ccf9ff5,
DDS,7063,DPLevel2,bdccf003-4c7e-462d-a963-d28a0d550510,
DDS,7103,DPLevel2,6cb2940d-5d5f-41a1-a7a2-00a1ca64c863,
DDS,7106,DPLevel2,806f400b-3e3b-4c07-9e70-fdeae42666a2,
DDS,7117,DPLevel2,329da9db-2c32-4d88-ae65-74b39235a063,
DDS,7119,DPLevel2,01f4ee48-56af-4ad1-92a6-695a0cba771e,
DDS,7120,DPLevel2,d9a69621-a89e-4495-829f-2490dd3a319e,
DDS,7126,DPLevel2,64380fe7-e0cb-4e53-8950-56f308fa8b19,
DDS,7133,DPLevel2,8531860a-fb3b-4def-9e81-493c10b4ae62,
DDS,7146,DPLevel1,989a621d-568e-4c65-840e-78c899fceeb1,
DDS,7227,DPLevel2,c3771c9f-afe9-40a0-8eac-f4911c5d46e7,
DDS,24,DPLevel2,042a6d37-5eb3-4a7a-aba2-4357b74c059e,6002.0
DDS,73,DPLevel2,e5f6239e-02a7-4673-b2ba-5cf9170e1660,6002.0
taping,125,DPLevel2,b4172cb8-aa8a-4745-91a1-b7ebcb008d5f,
taping,130,DPLevel2,27c055ef-e246-4b56-8187-ee83110770e6,
taping,131,DPLevel2,34159ff0-b70b-40a4-ac6f-ba3fdc2f4645,
taping,140,DPLevel2,8185facb-86bc-4336-8dfc-9aca9ce6402e,
taping,141,DPLevel2,da9969d7-6f94-46c5-9a5f-82c44a4f26e2,
taping,142,DPLevel2,ce678365-5fdd-436e-bd8a-895c788bc75b,
taping,150,DPLevel1,6d22109b-ed0b-4acf-b7b6-3355e63d6b86,
taping,151,DPLevel1,b3bb2be4-62f1-4457-b570-38476300b372,
taping,152,DPLevel2,003ed9ef-a3e1-4864-a009-66f47328c4a3,
taping,160,DPLevel1,47b0d002-0174-423b-9687-c1a02276c72f,
taping,161,DPLevel2,73eecdfe-947b-470a-9aa9-1ed732095fa8,
taping,162,DPLevel1,0c4993f0-071c-4827-8d53-f6197042d8a0,
taping,170,DPLevel2,64add3f4-70ac-4ba0-8531-90decb90db82,
taping,1001,DPLevel2,f4efa1f4-66df-481a-8033-02181bf3e013,
taping,1002,DPLevel2,83145205-1786-4348-84c5-547da146db1b,
taping,1003,DPLevel2,1d55b757-be6b-4310-9f3e-b6e587ff87aa,
taping,1004,DPLevel2,ec8e28fc-85f5-45f2-97bd-4969247195d2,
taping,1006,DPLevel2,35be7bd5-2f3d-45de-82a4-251d3eedc558,
taping,1011,DPLevel2,42e0b7c6-4185-4a34-92a4-66b65cd734a3,
taping,1012,DPLevel2,dab62c90-53e6-4867-a143-030215641a2d,
taping,1013,DPLevel2,7e130c34-a0e4-43b4-9f47-c00faff8c344,
taping,1014,DPLevel2,a04f7f05-2258-45e3-9e29-1814b0d9b91c,
taping,1015,DPLevel2,8a22c56b-f735-44d3-983e-ff6e766986da,
taping,1016,DPLevel2,ac44ec09-61e8-4131-b0ae-244c371a8f2f,
taping,1031,DPLevel2,aac68a63-cb40-4546-aafa-8cac47c81cda,
taping,1032,DPLevel2,cd22830f-6f4e-4eb7-8264-a3c9b3918298,
taping,1033,DPLevel2,b420f669-b80f-46ea-9e42-8f0a899a6e68,
taping,1034,DPLevel2,2ffa2a0b-dd78-4d58-a465-7b65bb4d359c,
taping,1100,DPLevel2,e4ced733-751d-4916-8404-52ee609736ad,
taping,1101,DPLevel2,6d8d0783-0a08-4e03-aee7-d740ae975a4e,
taping,1102,DPLevel2,3df70575-c856-4301-86ae-04901887bd7d,
taping,1103,DPLevel2,bdaf339c-94fa-4a49-a3b4-3a5682b251d7,
taping,1104,DPLevel2,035af081-362d-4af9-b2e3-5a856cb6eeaa,
taping,1105,DPLevel2,fc24c777-9397-4cff-aa0d-be484dae3c87,
taping,1106,DPLevel2,952be125-eb3a-472d-baed-1bc4831c6390,
taping,1107,DPLevel2,9601006f-fa83-44eb-8ae1-335ee848bd28,
taping,1108,DPLevel2,881380d6-f5e6-4d2d-809a-33997d0a4fb1,
taping,1120,DPLevel2,8dca4ba3-50f5-41f7-9211-81662653605f,
taping,1121,DPLevel2,01297abe-e98f-4178-a1e2-765ad97e1b80,
taping,1122,DPLevel2,18612ea6-4522-4b9c-a99b-35e6c61415ee,
taping,1123,DPLevel2,ec6bb58b-bc20-44a7-89ac-7a76bbbcaa23,
taping,1124,DPLevel2,a10fc6d9-c369-4212-bee8-32cda1834adc,
taping,1125,DPLevel2,5899925b-3dcc-4a3e-9ab1-088f776ece33,
taping,1126,DPLevel2,c5a54357-dd11-47dd-b724-9b3fca5d6547,
taping,1127,DPLevel2,b84a63f3-ce41-4e4f-9bec-31c163786484,
taping,1128,DPLevel2,a0d1fc2c-305b-4177-befd-e8f1eb53805b,
taping,1140,DPLevel2,cd8aab64-2de3-445f-b009-c404c986e38a,
taping,1141,DPLevel2,64f3802b-9684-47c3-817b-4d87670fc1bd,
taping,1142,DPLevel2,79f80e66-5cdb-4e32-8a50-b7c55b3549db,
taping,1143,DPLevel2,a4bf8bc3-c088-430c-af8b-2f511ff32af3,
taping,1200,DPLevel2,816dd4d4-4a93-46d1-8303-c10dc000ffe9,
taping,1201,DPLevel2,f7987317-6fce-453b-918f-783e195fe2bc,
taping,1210,DPLevel2,c03d765d-e2ba-463f-bc4e-00b0e5c9fc1a,
taping,1211,DPLevel2,8938b265-471c-4273-86f5-3fa0b787ea74,
taping,1215,DPLevel2,8878fe1b-b9a6-4e13-b2fb-12efa28ba486,
taping,1230,DPLevel2,a9ce40a8-a963-43d2-b244-513bd318ae71,
taping,1231,DPLevel2,6b44b950-af4c-4d12-994d-777fd5062ab5,
taping,1232,DPLevel2,a8b0daa2-ad61-400e-8ed2-dbf30f0c9b94,
taping,1233,DPLevel2,f05eddd5-057e-49b5-81f0-0ab1ff530e97,
taping,1234,DPLevel2,48f71ba7-36a9-4ccc-814f-f2f9ce9fbbf1,
taping,1235,DPLevel2,2f2c27ad-5906-41fd-a2ab-3dbee791b692,
taping,1236,DPLevel2,db8d285a-2fe4-4e8c-a2bd-5220501f6c19,
taping,1237,DPLevel2,f44f4c87-50ee-4b35-b5db-b569d4de9d39,
taping,1300,DPLevel2,2a2bf088-50b0-4d10-b92c-24265f67b024,
taping,1301,DPLevel2,732038db-74c8-4e35-b573-9b70618009a6,
taping,1302,DPLevel2,06bd3f5f-11d3-4952-83e6-3c836c5b3e66,
taping,1303,DPLevel2,a1d89fba-e247-4a93-9ccd-d272c5d430e6,
taping,1304,DPLevel2,4eda8d20-b87c-43a2-9003-6ccdde7846af,
taping,1305,DPLevel2,cc3d6515-20ce-4ec9-8aa4-8bd3e5d43f7c,
taping,1306,DPLevel2,594df805-fa1d-4958-b56c-19c5e704cf3b,
taping,1307,DPLevel2,68674259-1d55-4e8d-9dff-a0cd92e0f4bb,
taping,1308,DPLevel2,7b93a079-b27e-4c5c-906e-f091a2bd93b9,
taping,1400,DPLevel2,40174141-975e-450f-84b6-f969a774f47d,
taping,1401,DPLevel2,edd0aec0-e5e0-4a4a-80eb-691202798f85,
taping,1402,DPLevel2,fb08b72f-4c32-43bc-bc41-18b66ed18d00,
taping,1403,DPLevel2,cfba6d00-0910-4d49-9404-a74c31e2d80e,
taping,1409,DPLevel2,7c9a8a96-4a8e-4d40-8276-d16f33dd7cb1,
taping,1502,DPLevel2,ccff2fc2-3c1b-4bdc-b1c3-3117e1094006,
taping,1503,DPLevel2,e0d96965-297d-4afe-ac7d-00e6ba584ad3,
taping,1504,DPLevel2,f096dc68-d4a7-4592-86fa-0f42300a3d74,
taping,1505,DPLevel2,64b47e60-dd36-4e37-bc39-4033fddc7a9d,
taping,1506,DPLevel2,b9b1300b-12c3-48b9-9b7d-235920fb1beb,
taping,1507,DPLevel2,7e5f59a8-7522-446b-9090-93126bfc3bf4,
taping,1508,DPLevel2,34431bd7-583e-4671-b743-f03535e452ac,
taping,1509,DPLevel2,3c5e2431-c398-48ed-8bd7-62e32207cae6,
taping,1511,DPLevel2,26e37812-d963-4b65-bd00-cb709e05d35f,
taping,1512,DPLevel2,5c3c43e4-9203-462a-a8fb-4415abfb7cd4,
taping,1513,DPLevel2,f63e0e8c-1780-4e46-a437-f40d2abb9aa5,
taping,1514,DPLevel2,d7a16854-a550-48c2-87ff-82612dffc881,
taping,1516,DPLevel2,61adb550-2c2a-4a27-941b-503f5506e592,
taping,1517,DPLevel2,408e05b8-988c-4c15-bd7c-dc81f4a3c755,
taping,1518,DPLevel2,570156c0-f724-44e1-8bc5-2c3f27cd50ca,
taping,1519,DPLevel2,bc0d262e-270c-4359-b3e6-6ced20995304,
taping,1520,DPLevel2,e98f71e5-b5e4-4f73-8d79-4f57497167c5,
taping,1525,DPLevel2,12d3a0b0-eae6-4fe1-a41e-c298e4137f44,
taping,1530,DPLevel2,17dac1cd-9b25-402a-b197-4bccc41b6b9c,
taping,1535,DPLevel2,869f8180-2888-46ac-accf-d9bb2232a761,
taping,1540,DPLevel2,4aeacc07-1ef8-4170-831e-01b7c1d9c502,
taping,1541,DPLevel2,66c9f2ce-16b6-4651-b008-092e7893dd5c,
taping,1542,DPLevel2,50f29852-9042-4c82-adb9-e83cf4f70cf0,
taping,1543,DPLevel2,68c1d4d9-043b-409a-825d-51a848983273,
taping,1544,DPLevel2,0747f4e6-982f-462e-9f11-1a6d5300500f,
taping,111,DPLevel2,47350a46-5522-4c82-82c9-bad0980ae2b6,6002.0
taping,112,DPLevel2,f53c95f3-efee-4ccd-bd0c-84bd59bf9f0c,6002.0
taping,113,DPLevel2,54a24ad1-8108-4cbc-b971-2afc4b543171,6002.0
taping,1545,DPLevel2,2c89d5f5-4899-42db-a133-69dc8e612e54,
taping,1547,DPLevel2,9f32fb01-f02a-4e69-b1eb-5bd79a39541b,
taping,1548,DPLevel2,0cb23f16-fecd-4c37-a5f9-ddbfd93daa3f,
taping,1549,DPLevel2,3764eed7-dafe-4c11-b58f-527cfad98237,
taping,1550,DPLevel2,02d70039-6704-4f4f-8431-6a43d850402f,
taping,1551,DPLevel2,11201d66-4086-4c15-9a23-ea246e224d5e,
taping,1552,DPLevel2,8994cef2-82d6-4b53-ae7b-60323a3bcebd,
taping,1553,DPLevel2,df94b157-0058-409b-9bb0-47bedcee462d,
taping,1554,DPLevel2,0c73f7c2-4869-42b3-8515-67c4d70d4c68,
taping,1555,DPLevel2,16dda766-7fd1-4356-a502-782e0491b8f2,
taping,1556,DPLevel2,f3bf187a-6ed3-4702-a5a3-145c15cf439f,
taping,1557,DPLevel2,4d2dcf56-7b1f-43a4-85f8-22b1fd063a10,
taping,1558,DPLevel2,22c036b4-7ac5-4b8c-8bf2-68595fb26830,
taping,1559,DPLevel2,2d4068b3-e0e6-4453-ba24-80bf8ce6279c,
taping,1600,DPLevel2,b6765a7b-e374-4749-a05a-381944246512,
taping,1601,DPLevel2,86b22629-dc52-428b-ab02-48e0905aa99e,
taping,1602,DPLevel2,d8026703-30e7-40f2-8553-2c57e714162e,
taping,1603,DPLevel2,17e4213e-b1cc-47b5-b0ea-18c9875b8a7b,
taping,1604,DPLevel2,b6bd5d31-e200-4c2e-ad39-24bb386c82c2,
taping,1605,DPLevel2,4e33e4ce-74a7-46a2-a10b-cafae24c8994,
taping,1606,DPLevel2,0a0cb862-eddb-4b6e-8f89-11ced013e073,
taping,1607,DPLevel2,8069d66b-8f81-481f-9315-a1982083db80,
taping,1608,DPLevel2,6194dde4-0642-47e1-b5b0-aaac63b6492b,
taping,1609,DPLevel2,07bebc64-27c7-4d73-ae8a-e2d322a37692,
taping,1620,DPLevel2,94e86b37-62ea-482f-bc39-33f229bb1a27,
taping,1625,DPLevel2,823180cb-11d3-4d4c-a572-b6e53b2c7c62,
taping,1634,DPLevel2,278abc6c-bc5a-4b2c-b93f-ab42c86f9734,
taping,1635,DPLevel2,8b220c77-c74e-456d-972f-0e51709a5d1a,
taping,1700,DPLevel2,21e85cf4-53fc-4bba-a604-7ca62681d622,
taping,1701,DPLevel2,6b0b16de-96e6-40f1-928c-32d8998763f2,
taping,1702,DPLevel2,6b6aa70f-a105-483b-b8ca-abe70c94bd64,
taping,1703,DPLevel2,38215e28-f829-4523-bba3-8e1d341b7e6e,
taping,1704,DPLevel2,ad3388a3-8daf-4a03-af57-921350d525df,
taping,1705,DPLevel2,c1a1b216-88a5-41ad-859a-415c18e7b6ec,
taping,1706,DPLevel2,7c9bfa11-8688-477b-a7a8-5ca7c0cfef25,
taping,1707,DPLevel2,7b82888d-6917-4703-b5a4-78f22286de89,
taping,1708,DPLevel2,c78d310d-26c0-4eb0-9cd8-9772a88463ad,
taping,1750,DPLevel2,54d8f7f7-5d16-4be6-b17a-733f7a9945ee,
taping,1755,DPLevel2,c276f448-17e5-4884-bbc0-5acbff337acf,
taping,1760,DPLevel2,4cbedac5-99ad-4d63-92af-2cd8987f9ab4,
taping,1761,DPLevel2,ffc17791-4d71-4877-84ac-8d35ced56388,
taping,1801,DPLevel2,41fc89c4-a7fd-419d-9835-f35f2cde3f8e,
taping,1802,DPLevel2,11a2a7c6-8739-4bbb-bd29-caf7d96b2585,
taping,1803,DPLevel2,3dc7f272-a31f-4f63-9907-156f50371491,
taping,1805,DPLevel2,dbea9a62-c454-45c2-9807-714b681351d1,
taping,1806,DPLevel2,cdc39774-f096-4279-bcd0-f825a10d1732,
taping,1807,DPLevel2,8b6c092a-2a18-4d4c-9411-a9d30522c603,
taping,1808,DPLevel2,493d3f1d-b610-4219-8c3d-ed89234ea73f,
taping,1811,DPLevel2,2c1f6948-58a9-4d24-b837-6424fd5cdbeb,
taping,1812,DPLevel2,e5c8ce9d-9f61-4553-9492-6e084a8204ef,
taping,1813,DPLevel2,933b9834-922b-4bc5-b5dc-9c5fc2a1d38e,
taping,1814,DPLevel2,82f61d18-f09a-4ff8-b0fd-f16da68d84a3,
taping,1815,DPLevel2,53949424-fe68-493a-a2f8-dfb3b4d3b87c,
taping,1816,DPLevel2,28317cb2-2e08-478c-b9cf-d7c23e3f5b0f,
taping,1817,DPLevel2,ae94c749-14f3-4681-be07-61887f315076,
taping,1818,DPLevel2,5cb2e7dc-2dfb-4f5e-a8d5-aa2a2adbd3ce,
taping,1819,DPLevel2,e679028d-06d0-405c-bf7c-e26e18f34f0c,
taping,1820,DPLevel2,bd407c88-0984-4b9c-afa0-72d8e56e23d5,
taping,1821,DPLevel2,edb41107-19a5-413d-bb03-3291ef80c909,
taping,1822,DPLevel2,fe34ecb2-ef29-40fe-9707-aace76113056,
taping,1823,DPLevel2,61226f21-b7d2-4a6f-aff1-75b0a76252d1,
taping,1824,DPLevel2,adade73c-be10-4ab2-9920-7beb8d697d01,
taping,1825,DPLevel2,3f1d1d8e-99ca-4ebc-838c-07f88a76ea7e,
taping,1826,DPLevel2,d6391678-44b1-4a7d-a5ac-f59d29114fac,
taping,1827,DPLevel2,b1d9cc0c-bd4d-42c9-8d6b-8b9473ee0999,
taping,1828,DPLevel2,52e13584-5b03-4cc5-9032-70c1da81b031,
taping,1829,DPLevel2,94b076ce-5634-4152-8b71-b45324e68bc5,
taping,1830,DPLevel2,6a69eb2d-c7a6-43c9-ac41-857f0346bd24,
taping,1831,DPLevel2,6015d9a6-9113-4072-b674-d3ec293a7071,
taping,1841,DPLevel2,f95a9f0d-20be-4fc6-8dd6-a29996110308,
taping,1842,DPLevel2,0118595b-a4fe-4061-b662-a82e7f12a1fc,
taping,1843,DPLevel2,7cbc32d5-ac66-4595-9308-4bd3922d29b6,
taping,1844,DPLevel2,09ef1d5d-d312-46d1-8fdf-d3b491ca4912,
taping,1845,DPLevel2,7d6385ab-777d-45d5-be9d-a0cf97e4a02f,
taping,1846,DPLevel2,6166f286-ccf7-4997-bca6-c57bde4fbb7c,
taping,1847,DPLevel2,993567f1-10bd-4514-8637-2222a50422f1,
taping,1848,DPLevel2,4a1962bc-7dac-4ad7-b96c-b265f6b831a6,
taping,1849,DPLevel2,eb9124fa-967f-4b14-81b0-61409d054286,
taping,1850,DPLevel2,b4bc31b2-f99a-47a4-a42f-8e27a18eaaea,
taping,1851,DPLevel2,1adedbf4-f74a-4a47-9190-e7bad638cd61,
taping,1852,DPLevel2,e24039a4-841c-42c1-8bb2-f917b9b0f2e1,
taping,1853,DPLevel2,59409201-eb9d-4988-ac59-9ada0506826b,
taping,1854,DPLevel2,25e7a893-aa7a-43f7-9084-f83f0ae7ffbd,
taping,1855,DPLevel2,5b23931f-11a7-4820-9b82-b1109216014b,
taping,1856,DPLevel2,444a5243-b5ec-4f48-ab92-222a390f7f91,
taping,1857,DPLevel2,96eef011-eeb0-4e4c-8743-f3e6c9a5053a,
taping,1858,DPLevel2,4398336e-8887-44da-8c9b-1c1d336cb79c,
taping,1859,DPLevel2,a716a22c-ab1e-4f9a-bc1d-b89f85431a42,
taping,1860,DPLevel2,2f2b48ab-98aa-4e2a-90de-342ea6cff7a6,
taping,1861,DPLevel2,b0b2c01c-0b4e-478b-a3d3-021aa0e807cc,
taping,1862,DPLevel2,81559e08-6123-4711-85ea-bcbc9d51e32a,
taping,1863,DPLevel2,6be31cc9-b24b-4e36-8231-dc75634eb8e9,
taping,1864,DPLevel2,580ebf8c-af99-41e1-9e63-28eef7eb48b4,
taping,1865,DPLevel2,66a6106c-abaa-4af4-b3d5-fc82ecf7be41,
taping,1866,DPLevel2,a3be36e7-fe5b-47a6-bea4-4fcb6a4f2b31,
taping,1867,DPLevel2,e5338f31-c63e-46cc-88ee-59191e235e3a,
taping,1868,DPLevel2,34305140-51e2-4213-85cb-e7c408e65bbd,
taping,1869,DPLevel2,69a2690a-76df-4fe0-8f03-294d588a0aa7,
taping,1870,DPLevel2,8f1dd3dc-5b6f-404a-96de-b7325065180a,
taping,1871,DPLevel2,9566ab6c-e4d9-4cbd-b731-20249d40ed4d,
taping,1872,DPLevel2,6df4a0c2-8bee-4fee-a4c5-25a89750cfc5,
taping,1873,DPLevel2,145acd4c-12c7-4b7c-9bfa-356790057cf8,
taping,1874,DPLevel2,53bbaa43-63ca-4c83-ab11-28a659ae24fd,
taping,1875,DPLevel2,0ee4edab-5a10-4f66-84e3-bbfc5a00170b,
taping,1876,DPLevel2,2cd9a27c-1c25-4998-bde1-77f486169b07,
taping,1877,DPLevel2,5f4e130d-332b-471e-b630-c785b66511a4,
taping,1881,DPLevel2,e93c7389-f002-42c9-9c2c-197601950f41,
taping,1882,DPLevel2,c9bbe27e-e9b4-4fc5-b2cc-b8e78f611127,
taping,1885,DPLevel2,177f9d8e-382c-4fe7-9430-980a70479881,
taping,1886,DPLevel2,21d8af29-52df-4530-a842-a158220ca167,
taping,1888,DPLevel2,feb27e1e-c3d2-458b-b100-57d70f4ca1fc,
taping,1889,DPLevel2,4bbd64a3-6101-4456-97a7-e3cf48913606,
taping,1891,DPLevel2,bce5286d-5d52-4b98-a334-c7ebe7984e18,
taping,1892,DPLevel2,82c0e81f-f617-485b-961d-4b0f87dbdd03,
taping,1893,DPLevel2,c0ade450-6bd5-4c24-b75f-0ae184f92c47,
taping,1894,DPLevel2,4cd9767f-33dd-445d-8784-6bb6bad89274,
taping,1895,DPLevel2,bb8d09da-3322-4827-a7bd-26b722583025,
taping,1896,DPLevel2,42275ee7-8d0a-4ef2-a0da-4ae416898df1,
taping,1898,DPLevel2,c0ade1be-3776-44c5-bc7b-3d1c4323effc,
taping,1901,DPLevel2,5b5b7358-b75b-4235-ab65-e39d985867eb,
taping,1902,DPLevel2,108c034c-a460-4e2a-9d98-f7441e41d970,
taping,1903,DPLevel2,e7c1ee03-ece3-4121-b951-35fa16537976,
taping,1905,DPLevel2,03ab2f4c-2573-4621-a394-320afca2fff3,
taping,1906,DPLevel2,55315fe4-9c43-4714-a7a2-6d562fd535c3,
taping,1907,DPLevel2,c9291810-4fa7-4644-b86f-9893e4d2cdeb,
taping,1908,DPLevel2,4691c311-9814-41a3-9578-5f71f69910fd,
taping,1911,DPLevel2,3c6c8ebd-de86-4a40-8596-c4c25645c68a,
taping,1912,DPLevel2,a9959a9a-dd7d-441f-8610-83c7100a36b9,
taping,1913,DPLevel2,f69c2c5b-bab6-4d1c-a115-183d7099e994,
taping,1914,DPLevel2,4e363fb9-bcbf-440c-abaf-08becf310f71,
taping,1915,DPLevel2,8fa728d3-7e23-4aaf-8302-bab14311b8ec,
taping,1916,DPLevel2,33803015-549d-4c36-98a1-354b9f59fd67,
taping,1917,DPLevel2,9e3fa359-ea30-4640-a3bf-b8da8391f386,
taping,1918,DPLevel2,8a190519-db5f-476c-96a1-a37d11c967d2,
taping,1919,DPLevel2,0adc15a4-624e-493d-9329-145f874f0d30,
taping,1920,DPLevel2,ea9520c1-b6c1-4dfc-a7bb-905d095add4d,
taping,1921,DPLevel2,0d6f71e0-c4ed-4bbb-88cc-8129169adfdd,
taping,1922,DPLevel2,2a029936-fd03-4224-b0d0-3ab726c60f9f,
taping,1923,DPLevel2,62b6247a-c52c-4a32-933a-7a0a9cca6ea8,
taping,1924,DPLevel2,9b7e571e-33f0-49c1-9733-c5c71af1ad60,
taping,1925,DPLevel2,5343c271-2ac9-461a-840e-de4510ef5580,
taping,1926,DPLevel2,5f62dc6b-e5fd-4633-989e-bdbd2113d338,
taping,1927,DPLevel2,7bab10eb-a9c0-43ee-85e4-be252631dc20,
taping,1928,DPLevel2,9bf26395-5ba9-4086-a9bd-47e03e1f2177,
taping,1929,DPLevel2,c84b74fd-3f51-4bf3-95d0-24edcfce55dd,
taping,1930,DPLevel2,b535bd87-baae-4740-a428-4d910e11e61d,
taping,1931,DPLevel2,e54621cd-27d1-404e-ac20-c6faaddfb0d6,
taping,1941,DPLevel2,02dadf41-ad10-44ec-b38b-1e92e7f8049a,
taping,1942,DPLevel2,58c0ec50-824a-4158-86c5-7eebb1402616,
taping,1943,DPLevel2,36b70898-b60f-4f7a-b453-0db709cd9df1,
taping,1944,DPLevel2,5e005cc2-091c-4cef-80b2-79876e00266c,
taping,1945,DPLevel2,06735cc3-cc04-4053-a930-1a674a81167b,
taping,1946,DPLevel2,c1a2a080-7af8-4e4b-9883-90eae386ee9e,
taping,1947,DPLevel2,bbf6fd16-9856-4b22-83ee-8b216efe4ad7,
taping,1948,DPLevel2,bd1cfa98-104f-440f-8955-33fb1c7b9025,
taping,1949,DPLevel2,a61ead0d-f0ed-4207-a4fb-d26f30d12266,
taping,1950,DPLevel2,a39a16f3-5a04-43b5-9d05-8285600d1fa7,
taping,1951,DPLevel2,8f223ed8-aa69-41be-9d31-c42020b71a33,
taping,1952,DPLevel2,3915bc3e-2fe6-4c25-83fd-c4d00f58f231,
taping,1953,DPLevel2,9f13fe1b-20dd-48e2-80e7-933cf4a5ba15,
taping,1954,DPLevel2,b27386f1-f3c0-425b-9724-2b0e8aed14f0,
taping,1955,DPLevel2,7e91e727-18cd-40c7-bb69-3002fddb21d8,
taping,1956,DPLevel2,3521751a-eacd-40a9-aec6-0746760c8822,
taping,1957,DPLevel2,08792b97-f148-4627-b31b-456f56c55ea8,
taping,1958,DPLevel2,8ca54951-1a9e-4d64-b985-7aa943e47905,
taping,1959,DPLevel2,4df06723-7dc3-47c0-bb90-295ee92bb8a0,
taping,1960,DPLevel2,0d039cb9-ad72-4da2-b7ed-5801f20194f6,
taping,1961,DPLevel2,0cc6ae4c-cc19-4968-b8b5-de0b97fe6d2b,
taping,1962,DPLevel2,805de9f8-1be3-420c-abb4-7e3e76df9879,
taping,1963,DPLevel2,a2fa118b-94c0-4574-9b13-726b20f0b5fe,
taping,1964,DPLevel2,bc6ddf20-b237-4efc-992b-a79e0e37c75d,
taping,1965,DPLevel2,1f093b26-ae7b-469d-a130-39fb3880aa35,
taping,1966,DPLevel2,b6ca6cca-5a97-465f-9dd6-14b70afef902,
taping,1967,DPLevel2,b3c6e7a0-4dd3-49d1-a8d2-3935170346ab,
taping,1968,DPLevel2,b8c72c32-485f-4b0c-a56a-b69fc6a4735f,
taping,1969,DPLevel2,c5ac9723-d36b-4825-b2b6-0560ce3d46f8,
taping,1970,DPLevel2,4e8a07c4-10ef-40d6-b5ad-62b969b1f328,
taping,1971,DPLevel2,b3b725ce-6304-4a5d-a164-3d3e6bd0e28b,
taping,1972,DPLevel2,22d3543c-b73c-4e92-94b6-2ef6ed5122b8,
taping,1973,DPLevel2,f2c744ed-63c2-490a-88e2-f95aff3fc259,
taping,1974,DPLevel2,8c7cbe9c-004f-47d1-bdf6-dec88b814acb,
taping,1975,DPLevel2,5c70a6e5-6046-44a7-b09d-235611fe3699,
taping,1976,DPLevel2,54285509-6ab4-41e3-a923-0f022cda2ed4,
taping,1977,DPLevel2,3b7f4dba-2d2e-49f0-8a5f-50c28254fbcd,
taping,1981,DPLevel2,9345166e-b491-4226-a650-6aa5b9b6b5b5,
taping,1982,DPLevel2,fed18c5c-1de2-4f55-8d7e-180791a3240f,
taping,1985,DPLevel2,d3fd3d12-c113-447c-8e01-effa1c1cb0dd,
taping,1986,DPLevel2,9832eef8-6027-456f-8db2-992f3803177b,
taping,1988,DPLevel2,384864ab-3bef-4da5-890f-4852e87208ab,
taping,1989,DPLevel2,f0c1e0e1-152f-4a57-a0c7-ff53645924a3,
taping,1991,DPLevel2,ad131d16-f7b4-44a5-a562-dcb76865422b,
taping,1992,DPLevel2,783ac015-f4b7-4a6e-b611-9c9b2f367173,
taping,1993,DPLevel2,4f5c048a-66a0-4da9-ba66-cdd5a3740e3d,
taping,1994,DPLevel2,d4fca4ad-85b2-4384-bb9a-3c43aaf9b7d6,
taping,1995,DPLevel2,1b8175e8-b6e1-4e8b-bff9-6b267a9448d5,
taping,1996,DPLevel2,bf21320e-a46e-4263-84a3-eac49c675ec6,
taping,1998,DPLevel2,063d2e98-a18d-4df9-ae96-23bcab296950,
taping,2020,DPLevel2,a776afc0-5d5f-47cb-9557-5e0f00d1c92e,
taping,2021,DPLevel2,aa43f99f-f482-460c-9a08-4934f4fb3b5c,
taping,2022,DPLevel2,51eb90a3-5f85-497c-ac4b-b095a30e1e96,
taping,2023,DPLevel2,f564a56b-288b-437b-9b21-4fe2455b6254,
taping,2024,DPLevel2,f8342a5f-7e3f-4d7b-8b7c-b95c26eff945,
taping,2025,DPLevel2,fab34565-1a0f-47ea-b99e-990095384c9a,
taping,2026,DPLevel2,7fe6e859-47fa-40cd-9c65-4b4df0d54649,
taping,2027,DPLevel2,1b13e475-271e-4f14-b24f-f375b0a09521,
taping,2028,DPLevel2,06e19f12-3c94-48f3-a98d-2a75fd444c2d,
taping,2029,DPLevel2,ebbac885-b1f9-4712-9ae2-c98bc1d59d5e,
taping,2030,DPLevel2,7a09fa5c-4a1f-4f30-b683-02f9654ba78f,
taping,2039,DPLevel2,aad8803c-8ef5-4eb4-a7d3-0e550ddb4b9b,
taping,2040,DPLevel2,c29a67f8-3001-49ee-a1a2-b25aa9dd7a7a,
taping,2041,DPLevel2,b14fcfde-4689-4978-8717-b155a39b7a77,
taping,2042,DPLevel2,6a7151e7-acd0-4a54-a45c-913bb633be12,
taping,2043,DPLevel2,2c577b4a-b3f0-49ed-9142-b2854deb1f57,
taping,2044,DPLevel2,07464fa2-445e-44c1-89fe-5b050377b859,
taping,2045,DPLevel2,f7110e2f-0f99-4215-98c4-ccf7e812e25f,
taping,2046,DPLevel2,27eb058f-32b5-4d78-afd1-997bfcd5847a,
taping,2047,DPLevel2,6d63fcca-7309-4ba5-9ea1-dc07fea6142b,
taping,2048,DPLevel2,4019a314-07ce-44f1-b237-c760b0332300,
taping,2049,DPLevel2,a144003f-022f-4a2b-aec9-f2bd6e267667,
taping,2050,DPLevel2,5a371061-216d-4599-a5a7-879e3a70aab4,
taping,2059,DPLevel2,c624b480-bf49-4e68-8e9e-d2437ce68a36,
taping,2060,DPLevel2,804a1809-e9e1-4057-b268-e89e651c11d1,
taping,2061,DPLevel2,593697f8-06a4-46f7-9c13-c4bd40b41977,
taping,2062,DPLevel2,e7ae1e3f-e5c7-4b8e-b5cb-e6f6c228034f,
taping,2063,DPLevel2,d1f3f02d-33f8-47a0-ac46-3ca92fb5eb72,
taping,2064,DPLevel2,0bcd2bd8-90e3-43b2-995b-3bf622fee53a,
taping,2065,DPLevel2,4cf8066d-7391-4de0-a09d-9fee5b843420,
taping,2066,DPLevel2,b7ad3369-82d8-49ae-9dd7-b8428ea61889,
taping,2067,DPLevel2,8a69f1e3-e4ab-4111-b417-3e6f2a1cff42,
taping,2068,DPLevel2,a0264210-b9c7-420e-8e53-13053e06f1ce,
taping,2069,DPLevel2,8bcc56cf-1918-4de0-befa-6a55ecfacf01,
taping,2070,DPLevel2,e12177ad-2c5d-494b-a284-02ece8a6f677,
taping,2079,DPLevel2,5fd5d7a5-2144-49f0-bbad-d4468fe35c02,
taping,2080,DPLevel2,398bd165-1d93-4ef9-a67a-9e1d1b2d2906,
taping,2081,DPLevel2,fd54c433-e6cc-4bae-afca-1081ef8e2475,
taping,2082,DPLevel2,3323867d-8b2c-4947-b49d-205065024556,
taping,2083,DPLevel2,2c5f2258-fb0b-4d26-b569-2d7b18be10d6,
taping,2084,DPLevel2,9ca4bc35-3e14-4407-b955-0bed088fc601,
taping,2085,DPLevel2,753266b1-a02a-41a2-9413-cd4b17e959e4,
taping,2086,DPLevel2,35c81889-6654-4bf6-a5a5-3d27d1103ed3,
taping,2087,DPLevel2,bb673223-53ca-4eee-837a-ee030a71c9d3,
taping,2088,DPLevel2,50718b30-ce1b-471c-b03c-ef5962d67f01,
taping,2089,DPLevel2,6070e844-ab62-498a-8025-b302cbd96717,
taping,2090,DPLevel2,72359a67-1ed5-40f5-9295-890932bc67d7,
taping,2150,DPLevel2,bb129ea5-aed8-4d6a-ad04-b4c9346c6ae8,
taping,2151,DPLevel2,24a49615-a116-4282-8570-563e75446ebc,
taping,2152,DPLevel2,c160fe4b-7f70-4225-841a-6f8f2cf81bf4,
taping,2153,DPLevel2,935ae64a-757a-499b-adbd-446a68b87663,
taping,2154,DPLevel2,a48e04fc-b864-40f0-afc2-e6fe17a65bde,
taping,2155,DPLevel2,4818cb7b-2c81-4738-81f2-833b3f28635a,
taping,2156,DPLevel2,826842ae-4fd1-4d8e-9f7f-94f1275f2d44,
taping,2157,DPLevel2,f0ffebd3-6aee-410b-8320-fb8e02cf41cc,
taping,2158,DPLevel2,0393ade8-d384-4f51-ae34-49392f8620c4,
taping,2159,DPLevel2,8c2b3678-5fea-4db7-a873-312a751ea2d2,
taping,2160,DPLevel2,2f0bb645-1d51-4309-8df3-3fe2a355cc9c,
taping,2161,DPLevel2,62cd6b00-d666-4522-889f-e0a822803341,
taping,2169,DPLevel2,232bb7fa-8b71-49a1-8f06-006545869f06,
taping,2200,DPLevel2,ac60480b-0b35-43a8-8743-353feb5715b2,
taping,2201,DPLevel2,ca84c3ac-8d8f-40cb-b000-329e27d3da07,
taping,2202,DPLevel2,32cdab61-6f8c-431a-8990-c87a0c8cd41e,
taping,2203,DPLevel2,ed1c6011-d559-46bf-bee9-6c8d8805a408,
taping,2204,DPLevel2,279ff7d3-12a5-4565-9871-63dc3dac8dcc,
taping,2205,DPLevel2,4126209a-eb5d-485d-9674-d44340c6e4fa,
taping,2206,DPLevel2,e0c21284-279e-4e5a-a825-703b6158ee3a,
taping,2207,DPLevel2,fd704950-603c-48bd-a227-6994864f2d5e,
taping,2208,DPLevel2,dae60fc4-5ff7-4957-95cf-9d1232f6c0dc,
taping,2209,DPLevel2,0c11522b-3a3d-4a7c-a12c-3fd397dff2a3,
taping,2210,DPLevel2,d9b719d7-7d7f-4faf-b6a4-54a534fb0246,
taping,2211,DPLevel2,49c1158e-504d-4e38-a95e-1031a944bd57,
taping,2219,DPLevel2,cf0f10d2-cc16-4527-b364-ed6d1855a539,
taping,2250,DPLevel2,fcd2aba1-0658-466c-9ef4-dbc7ae0ef8ef,
taping,2251,DPLevel2,c00f7fda-3b8d-4d1f-858a-56d2a7afd7d3,
taping,2252,DPLevel2,a92f926c-ac50-471d-b0b3-31619c53a467,
taping,2253,DPLevel2,ec0de0a0-95cd-4d6c-aaaf-d41ad76a6701,
taping,2254,DPLevel2,f1eb4197-bd6a-4369-b215-33c5cc761754,
taping,2255,DPLevel2,49ed1b41-dc5c-4d82-a7bd-e81126f30258,
taping,2256,DPLevel2,1ac174f8-a50b-4d83-a1a7-1876f983d2e5,
taping,2257,DPLevel2,09a18761-9174-4ff7-ad34-da453b717012,
taping,2258,DPLevel2,d2714b6a-8113-45b0-9b5b-7a3c6bbc9275,
taping,2259,DPLevel2,38133346-94cb-4ca4-972b-256f139d9378,
taping,2260,DPLevel2,d1db3023-6164-4133-bed2-fd3624fe674f,
taping,2261,DPLevel2,d8a37600-5c1d-450c-aae9-37663fba7807,
taping,2269,DPLevel2,cf4282a7-c0d0-40b3-96e0-590588db3183,
taping,2300,DPLevel2,4eab8609-0369-47b2-9f79-fe51d8dea0fc,
taping,2301,DPLevel2,156ab2fe-0169-45f0-b14f-fbf858085000,
taping,2302,DPLevel2,a0a5460c-cfcf-4992-be7d-2a80085da023,
taping,2303,DPLevel2,25f1d173-6659-4ad5-9ccf-85857765978c,
taping,2304,DPLevel2,1691c093-b6ed-42cb-8836-871c1a8926f4,
taping,2305,DPLevel2,ef1dfd03-dc31-41be-b0e3-651ade9be269,
taping,2306,DPLevel2,2a0bad4e-12fc-42c8-984d-41030de0a14e,
taping,2307,DPLevel2,072a7945-5c8d-4dba-b3b6-bf013b579373,
taping,2308,DPLevel2,f5668dca-c72b-4909-a273-c568b64a8aca,
taping,2309,DPLevel2,96702ca4-49f9-4069-8fb4-49c701adeff3,
taping,2310,DPLevel2,e8f4790c-82c5-43af-8297-b573770f5b99,
taping,2311,DPLevel2,d8660ce8-fb39-4586-9b0e-7a27e5d9ac66,
taping,2319,DPLevel2,5a859a0b-85ac-4231-95df-f47d88e550df,
taping,2350,DPLevel2,dd42f342-6159-42cd-bb27-480371b0c803,
taping,2351,DPLevel2,d46f67dc-a44b-4b17-87e7-475ca00f4b4c,
taping,2352,DPLevel2,da0207ed-84b2-44e3-b0e9-cb8d520cbe61,
taping,2353,DPLevel2,75325741-dc2b-4057-bd22-4c3a962d2d3e,
taping,2354,DPLevel2,a96d42c0-bced-4035-a877-87652a31b337,
taping,2355,DPLevel2,c8fb1e07-d1ab-4919-b917-d9223f292128,
taping,2356,DPLevel2,f3a23d1f-d472-424b-8b6a-58eda2c79835,
taping,2357,DPLevel2,22f46222-1b90-428f-bd15-36d3b3f2c212,
taping,2358,DPLevel2,fdf666d3-e1b0-486b-95fc-240696784918,
taping,2359,DPLevel2,5b51b425-6522-4a2f-a35b-539d3bd391ca,
taping,2360,DPLevel2,b83212c1-1676-41b4-a543-9476123641a0,
taping,2361,DPLevel2,9b0c569c-7745-4d6c-9da6-3d6dd567ad4b,
taping,2369,DPLevel2,bbc68417-d36a-48a4-818e-ba31c6db0016,
taping,2400,DPLevel2,a2a0d939-997e-418a-b0a6-fa74a1f5a90d,
taping,2401,DPLevel2,0b37e36f-6c3c-43af-8409-35e992f70c4a,
taping,2402,DPLevel2,c33fcbe9-0435-43f7-8c5f-b112dd02a855,
taping,2403,DPLevel2,d7b7f2f1-1d39-4445-84f1-3c5328d6e1c6,
taping,2404,DPLevel2,ca6f0255-3fc6-4126-9159-e6d2ddbb9673,
taping,2405,DPLevel2,5c339240-c2c2-4955-bb87-66aa9a8210cc,
Half Cut Rev 1,16312,DPLevel3,bd897c9f-2631-4903-b952-d3f241500b72,
DLS_DAF LASER,22502,DPLevel1,a7f1d3d1-0257-4ff5-bd28-ac9b6c27c151,
BG,1000002268,DPLevel1,92bef316-fd7d-46e6-a519-2336fd75cef9,
DLS_DAF LASER,6263,DPLevel1,e16a42d1-f14e-4548-8206-be9c0defa362,
DLS_DAF LASER,6261,DPLevel1,0ad38ab9-dd78-46d5-a295-35f7219f4e15,
BG,8796,DPLevel3,8b1ce569-2e03-4369-84b8-68b43bc3f5d0,
BG,1706,DPLevel1,a4ccfc47-bfdd-43e8-86e6-820114e1ca50,
DFL Groove,1531,DPLevel1,781ad134-f1aa-47fd-86ae-c3591096b201,
DFL Groove,11043,DPLevel1,cc942d6e-38a8-4c7b-aad6-6ca16dc01d33,
DFL Groove,11041,DPLevel1,2cdf3c12-3a01-43f0-9f54-fd5073a0fda0,
DFL Groove,6030,DPLevel1,03d8471c-64d5-4b43-867d-c63325a92a25,
DFL Groove,11042,DPLevel1,d2735a36-be80-403d-a45b-f345b15f89f3,
DFL Groove,11048,DPLevel1,5742cf60-1d11-4500-8dfc-a0f9dfedb86d,
DFL Groove,6250,DPLevel1,9cae88b4-40ac-4d00-9df1-7d8033d6ecd7,
DFL Groove,11045,DPLevel1,fc6b0eb9-706f-47d4-b47e-0295f5b9b267,
DFL Groove,5024,DPLevel1,65e5da7f-4e05-43d9-bb82-f7ce3c2c70b2,
DFL Groove,11038,DPLevel1,ae046b0b-05b0-42e2-9445-17e7fa17d8db,
DFL Groove,5036,DPLevel1,ae867d2f-ac0a-4166-a7ee-66a180a70c09,
DFL Groove,22503,DPLevel1,712f4585-2c3d-45e9-9036-094433fd1489,
DFL Groove,11046,DPLevel1,45d24c2b-11b1-4dc8-9c72-ba18b61b104c,
DFL Groove,11040,DPLevel1,f73636ec-50ff-44df-b6af-080aad9972a1,
DFL Groove,11047,DPLevel1,798ae086-6f4e-4900-a13e-daee9a39f66f,
DFL Groove,22502,DPLevel1,ba5c0066-d872-4133-8c85-c64be0247dcd,
DFL Groove,11039,DPLevel1,b38037d8-4a5c-4a5d-bde5-edca5535c7cf,
DFL Groove,11044,DPLevel1,62ec1f0a-18f1-49e1-9cb3-d4220ce31094,
DFL Groove,2486,DPLevel1,b1173c63-a99f-4a4d-a0fe-7a317f304d22,
DFL Groove,15524,DPLevel1,c1444f09-ab36-44f3-9e8a-55d60c2a8cfa,
DFL Groove,2065,DPLevel1,4359b799-c79b-482a-a2bf-5354c9f8d7f6,
BG,711,DPLevel2,cfc27de5-d7d1-426e-9e58-40aaa2663be2,
BG,100000523,DPLevel1,a2ed88c6-8827-40e3-b9d7-ab58c9daf8ee,
DLS_DAF LASER,6255,DPLevel1,58bb69f4-cbca-4579-980d-8468ad1d1e45,
DLS_DAF LASER,6276,DPLevel1,480e1cc0-043b-4790-abcb-7edb715a2eb1,
DLS_DAF LASER,6277,DPLevel1,3e80e5ce-e972-4901-a71a-f2ac34e57f7f,
BG,1000000031,DPLevel1,8011f87f-c0ec-4f75-83c2-cdbf4a808cd1,
DLS_DAF LASER,1259,DPLevel1,44aff36f-078f-490f-a657-75715d3b375e,
BG,6571,DPLevel1,bc9a084c-b20e-46cb-ba8e-94ad67fcb193,
BG,1000000668,DPLevel1,8c1d138c-f1b2-4119-860c-9140f05966ab,
DLS_DAF LASER,23024,DPLevel1,d8b2367e-ec60-4cbc-9d6a-d12166088b5c,
DLS_DAF LASER,1682,DPLevel1,62b896a7-f081-4f58-93aa-ea960b999476,
DLS_DAF LASER,23025,DPLevel1,3f688426-dfef-4596-8220-751cc1704818,
DDS,2,DPLevel2,c774f7e0-b67c-4df4-b9c5-918e9e7b6054,6002.0
taping,110,DPLevel2,dd6248eb-275e-458c-b95f-ae9f1173b926,6002.0
taping,120,DPLevel2,d8a8e578-efdd-4d0f-bede-5e48b1e9194f,6002.0
